{
    "Company A": {
      "fundamentals": {
        "Market Cap": "₹11,76,838 Cr",
        "Current Price":"₹ 1,510",
        "High / Low":"₹ 1,758 / 1,363",
        "P/E Ratio": "17.3",
        "ROE": "₹ 519",
        "Book Value":"₹ 519",
        "Dividend Yield":"1.29 %",
        "Face Value":"2"
      },
      "data":{
        "1_months":[],
        "6_months":[],
        "1_Year":[],
        "3_Year":[],
        "5_Year":[]
      },
      "quarter_results": {
        "categories": ["Revenue", "Interest", "Tax", "Profit"],
        "time_periods": ["Mar 2021", "Jun 2021", "Sep 2021", "Dec 2021", "Mar 2022", "Jun 2022", "Sep 2022", "Dec 2022", "Mar 2023", "Jun 2023", "Sep 2023", "Dec 2023"],
        "values": {
            "Revenue": ["32,607", "32,254", "33,520", "34,588", "35,574", "37,274", "40,930", "45,002", "47,548", "51,168", "75,039", "78,008"],
            "Interest": ["14,083", "14,218", "14,415", "14,724", "15,227", "16,358", "18,311", "20,505", "22,606", "25,955", "41,250", "43,242"],
            "Tax": ["5000", "5200", "5500", "5800", "6000", "6200", "6300", "6400", "6500", "6600", "6800", "7000"],
            "Profit": ["15000", "16000", "16500", "17000", "17500", "18000", "18500", "19000", "19500", "20000", "20500", "21000"]
        }
      },
      "balance":{
        "categories": ["Revenue","Interest","Expenses +","Financing Profit","Financing Margin %","Other Income","Depreciation","Profit before tax","Tax %","Net Profit +","EPS in Rs"],
        "time_periods": ["Mar 2021", "Jun 2021", "Sep 2021", "Dec 2021", "Mar 2022", "Jun 2022", "Sep 2022", "Dec 2022", "Mar 2023", "Jun 2023", "Sep 2023", "Dec 2023"],
        "values":{ 
          "Revenue": ["32,607","32,254","33,520","34,588","35,574","37,274","40,930","45,002","47,548","51,168","75,039","78,008","79,434"],
          "Interest": ["14,083","14,218","14,415","14,724","15,227","16,358","18,311","20,505","22,606","25,955","41,250","43,242","43,692"],
          "Expenses +": ["15,561","14,073","14,698","14,423","15,044","15,021","15,915","16,682","17,770","18,470","45,349","50,530","62,938"],
          "Financing Profit": ["2,963","3,962","4,408","5,441","5,304","5,895","6,704","7,815","7,172","6,744","-11,560","-15,764","-27,196"],
          "Financing Margin %": ["9%","12%","13%","16%","15%","16%","16%","17%","15%","13%","-15%","-20%","-34%"],
          "Other Income": ["8,303","6,680","7,916","8,777","8,386","6,929","8,252","9,121","9,610","9,853","32,528","37,007","44,958"],
          "Depreciation": ["0","0","0","0","0","0","0","0","0","0","0","0","0"],
          "Profit before tax": ["11,266","10,642","12,324","14,218","13,690","12,823","14,956","16,936","16,783","16,597","20,967","21,243","17,761"],
          "Tax %": ["25%","25%","26%","25%","23%","25%","25%","25%","25%","25%","17%","17%","-1%"],
          "Net Profit +": ["8,444","7,940","9,120","10,616","10,475","9,617","11,163","12,735","12,634","12,403","17,312","17,718","18,013"],
          "EPS in Rs": ["15.30","14.33","16.43","19.11","18.83","17.25","19.97","22.77","22.57","22.12","22.17","22.73","23.20"]
          }
      },
      "profit/loss":{

      },
      "Balance sheet":{

      },
      "shareholdings":{

      },
      "returns": {
        "1_month": "10",
        "6_month": "200",
        "1_year": "50",
        "3_year": "50",
        "5_year": "50"
      }
    },
    "Company B": {
      "fundamentals": {
        "market_cap": "₹8,76,838 Cr",
        "pe_ratio": "20.5",
        "book_value": "₹ 700"
      },
      "quarter_results": {},
      "profit/loss":{},
      "Balnce sheet":{},
      "shareholdings":{},
      "simlary for all the stocks same as stock A":{}

    }
  }
  